"StockCode","Description","TotalUnits"
"23005","printing smudges/thrown away",-19200
"23003","Printing smudges/thrown away",-9058
"72140F","throw away",-5368
"16045","",-3667
"16259","",-3167
"20713","wrongly marked. 23343 in box",-3100
"84598","check",-3000
"23270","incorrect stock entry.",-2880
"18007","",-2834
"72732","thrown away-can't sell",-2472
"23059","Thrown away-rusty",-2376
"21829","?missing",-1897
"85036C","damages wax",-1560
"79164","damages/credits from ASOS.",-1512
"16008","check",-1510
"21620","mystery! Only ever imported 1800",-1479
"23268","Incorrect stock entry.",-1440
"23269","incorrect stock entry.",-1440
"23117","Damaged",-1440
"23116","Damaged",-1440
"23115","Damaged",-1440
"23113","Damaged",-1440
"23114","Damaged",-1440
"84611B","thrown away",-1430
"22351","Given away",-1400
"47566B","reverse previous adjustment",-1300
"85036B","damages wax",-1284
"35610A","thrown away",-1277
"21700","sold as set on dotcom and amazon",-1206
"85175","? sold as sets?",-1200
"21135","wet rusty",-1152
"85204","lost??",-1131
"35610C","Thrown away.",-1121
"40016","damaged stock",-1100
"22740","?",-1060
"22578","lost",-1050
"85099F","",-991
"72038P","damages",-990
"85175","wrongly sold sets",-975
"84929","code mix up? 84930",-967
"35957","",-904
"16045","check",-900
"85078","missing",-840
"20713","wrongly coded-23343",-800
"37370","sold as set/6 by dotcom",-786
"40016","?",-752
"21622","POSSIBLE DAMAGES OR LOST?",-750
"84997C","?",-741
"20956","?",-723
"72807B","wet pallet",-696
"22127","sold in set?",-690
"85172","Dotcom set",-675
"79030D","damages",-664
"22030","??",-635
"22945","sold as set on dotcom",-618
"85172","?sold as sets?",-600
"85172","wrongly sold as sets",-600
"37370","damages/dotcom?",-590
"22219","???lost",-550
"85106","",-542
"35610B","thrown away",-541
"15036","",-530
"72759","thrown away-can't sell.",-524
"72807A","wet pallet",-504
"23084","temp adjustment",-484
"20735","",-472
"82600","historic computer difference?....se",-458
"84406B","?",-450
"21830","?",-443
"22435","?missing",-434
"21829","sold as 1",-432
"35954","counted",-430
"72807C","???missing",-428
"79030G","damages",-413
"72807C","wet pallet",-408
"21621","?",-400
"23343","20713",-400
"23055","rusty thrown away",-398
"21033","",-393
"85061W","",-391
"21201","???",-390
"84614A","thrown away",-390
"22130","sold as set on dotcom",-390
"21830","OOPS ! adjustment",-384
"90057","crushed boxes",-380
"84596G","??",-365
"22796","Not rcvd in 10/11/2010 delivery",-360
"85104","????damages????",-355
"84799","",-346
"85175","dotcom sold sets",-345
"21391","Sold as 1 on dotcom",-342
"23090","missing",-338
"21688","mixed up",-337
"22572","??",-335
"21918","",-333
"84809B","damaged",-324
"21689","wrong barcode",-323
"21696","",-320
"35954","",-314
"16169E","check",-313
"84050","counted",-310
"22759","check",-310
"72802A","Wet pallet-thrown away",-306
"21135","sold as set on dotcom",-304
"21815","?",-300
"22577","check",-300
"22051","?",-300
"46000S","Dotcom",-300
"72802B","check",-290
"82599","?",-290
"16015","",-289
"22481","wet boxes",-288
"23057","rusty throw away",-280
"22080","",-277
"21136","sold as set on dotcom",-272
"20867","?",-271
"22812","?",-270
"21591","check",-267
"85185B","?",-259
"22804","Wrongly mrked had 85123a in box",-256
"85123A","wrongly marked carton 22804",-256
"21830","sold as 1",-252
"21578","?",-251
"85199L","?",-250
"84754","",-242
"22044","",-240
"40001","check",-240
"23169","smashed",-235
"22034","",-234
"22459","?lost",-232
"21098","damages?",-231
"84613A","thrown away",-230
"20866","?",-230
"85025C","barcode problem",-230
"21294","damaged",-227
"72225C","",-226
"21503","",-224
"47504K","",-224
"72807A","???missing",-224
"20711","check",-220
"21351","damaged",-220
"82583","?",-220
"35970","",-217
"21811","check",-214
"21272","?",-212
"85175","Amazon sold sets",-210
"21820","",-210
"35004C","",-210
"23056","rusty throw away",-210
"21786","check",-209
"21078","",-207
"47591B","?",-207
"22915","sold as set on dotcom",-204
"20977","",-204
"20975","",-204
"84877D","?",-203
"47591D","",-201
"23343","20713 wrongly marked",-200
"23343","wrongly coded 20713",-200
"85017B","",-199
"22042","",-197
"20893","damages/display",-197
"22078","",-197
"20966","",-193
"21090","WET/MOULDY",-192
"37479P","??",-184
"84341B","",-181
"22152","check",-179
"22719","wrong barcode (22467)",-178
"85230E","",-178
"21210","",-177
"22959","check",-175
"84613C","",-173
"22568","?? missing",-170
"21634","",-169
"20826","",-169
"21161","",-168
"21192","check",-164
"84612B","thrown away",-162
"21937","?",-161
"84879","damaged",-160
"72803A","damages",-160
"84559B","",-158
"21682","?display?",-156
"22217","damages?",-155
"20681","MIA",-154
"84859C","wet?",-153
"20956","check",-152
"21110","",-151
"84763","Display",-150
"84249A","check",-150
"79067","",-150
"72807C","damages",-149
"84596E","",-148
"22988","",-147
"21785","",-147
"22245","",-147
"21402","",-147
"85172","check",-145
"84800L","wet damaged",-144
"22035","",-141
"79163","",-141
"21472","",-140
"20856","??",-140
"21890","missing",-140
"21637","",-139
"21642","check",-138
"21810","check",-135
"37327","damages",-131
"22575","missing?",-130
"82582","??",-130
"18098C","",-130
"21648","",-130
"85049F","",-130
"21818","check",-130
"22084","",-129
"21355","",-127
"84809A","",-126
"22522","check",-126
"84804A","wet damaged",-125
"84802B","",-125
"22449","can't find",-125
"84800M","",-124
"21166","?",-124
"72807B","????missing",-124
"20700","?",-121
"22158","",-120
"21447","",-118
"85232D","mix up with c",-118
"85111","check",-117
"21399","",-116
"21670","",-115
"22336","",-114
"22202","",-114
"21539","damages?",-111
"22652","check",-111
"82551","",-110
"22719","wrong code",-110
"20694","?",-110
"85231G","check",-110
"21833","damages",-110
"16156S","",-110
"21700","",-110
"51008","",-110
"21098","",-110
"22198","",-109
"84798B","",-109
"85132C","damages",-109
"22948","sold as set on dotcom",-108
"85019C","Damaged",-108
"22501","incorrectly put back into stock",-108
"40016","",-108
"22837","?",-106
"22162","",-104
"84279P","check",-104
"21824","check",-103
"84801A","check",-102
"20823","",-102
"16053","",-102
"72807B","damages",-101
"22520","",-101
"22052","",-100
"46000M","Dotcom sales",-100
"46000S","Dotcom sales",-100
"22467","wrong code?",-100
"21621","re dotcom quick fix.",-100
"22501","reverse 21/5/10 adjustment",-100
"22502","reverse 21/5/10 adjustment",-100
"85049D","?",-100
"22049","damaged",-100
"23159","",-99
"22521","",-99
"20711","lost in space",-98
"21187","",-97
"85132A","damaged",-97
"22867","",-96
"84804B","",-96
"84805A","wet damaged",-96
"84805B","wet damaged",-96
"37327","sold as set on dotcom",-95
"21147","?",-95
"22272","",-95
"20686","",-95
"21823","check",-94
"21257","?",-94
"21619","check",-94
"37482P","Damaged",-93
"84912B","",-93
"21246","",-92
"62094B","",-92
"22181","check",-92
"21014","check",-90
"46000S","dotcom sales",-90
"21172","",-90
"22523","?",-90
"22121","?",-90
"22163","",-90
"62096A","",-88
"21693","mixed up",-87
"22268","",-86
"17012A","",-86
"47559B","",-84
"16162M","",-84
"22569","?",-84
"23155","sold as set on dotcom",-84
"77101A","",-83
"21429","",-83
"10133","damaged",-82
"85036A","",-82
"20854","",-82
"21071","check",-82
"85034A","damaged",-81
"21817","",-80
"21743","",-80
"21519","check",-80
"22147","check",-80
"21537","?",-80
"22164","",-80
"21504","",-80
"20839","damages",-80
"22595","check",-80
"22533","",-80
"22632","",-79
"35810A","check",-78
"20658","",-78
"20716","",-78
"20967","",-77
"85136A","damages",-77
"84534B","",-77
"21486","",-77
"21907","",-77
"21692","",-76
"22050","",-75
"72802C","check",-75
"22114","",-75
"16169P","",-75
"84913A","",-75
"21174","",-75
"22570","?",-74
"21804","",-74
"71279","damages",-74
"82567","",-73
"22792","damages",-73
"85206A","",-73
"90209C","",-71
"22336","damaged",-71
"82613B","",-71
"22791","",-70
"20756","",-70
"85188B","",-70
"84569D","",-70
"17012B","check",-70
"84818","damages",-70
"21163","",-70
"21169","",-70
"22155","",-70
"22548","",-70
"47556B","",-69
"47570B","",-69
"20827","damages",-68
"21809","",-68
"18094C","",-67
"72817","check",-67
"22482","",-66
"84976","",-66
"85135B","",-65
"22458","Missing",-65
"37342","",-65
"21807","",-65
"23071","damages",-65
"22637","damages",-65
"20775","",-64
"22966","",-64
"84406B","incorrectly made-thrown away.",-64
"85125","check",-64
"23035","check",-64
"21018","damaged",-63
"22452","",-63
"21320","broken",-63
"23288","check",-63
"21843","smashed",-63
"21144","",-63
"22524","",-62
"22445","",-62
"21318","",-62
"21684","",-62
"22892","check",-62
"23187","check",-62
"84520B","",-61
"22525","",-61
"47574A","check",-61
"15058B","",-61
"17011A","",-61
"22698","",-61
"21179","",-60
"22339","check",-60
"22127","Dotcom sold in 6's",-60
"90191","??",-60
"23032","damages",-60
"84251B","",-60
"84876B","",-59
"22276","",-59
"85096","label mix up",-59
"85035A","CHECK",-59
"21735","damages",-59
"84548","",-58
"23348","sold with wrong barcode",-57
"21397","damaged",-57
"21888","check",-57
"47590B","check",-57
"84917","",-57
"48185","?",-57
"35648","check",-56
"22866","",-56
"22142","check",-56
"23306","",-56
"22073","",-56
"72807A","damages",-56
"21422","",-55
"20893","damages",-55
"20886","",-55
"20758","",-54
"84993B","",-54
"48173C","",-54
"72802C","damages",-54
"21618","CHECK",-54
"21181","check",-54
"90096","",-54
"22633","",-53
"72127","",-53
"51020B","adjust",-53
"35818B","",-53
"84748","",-52
"84352","Damages/samples",-52
"20759","",-52
"35609A","",-51
"72799F","",-51
"21259","",-51
"21586","",-51
"23072","damages",-50
"72818","",-50
"22720","",-50
"90010B","",-50
"84584","?",-50
"21043","",-50
"72802A","?",-50
"21446","",-50
"84969","check",-50
"22033","",-50
"22028","",-50
"22024","",-50
"22968","water damage",-50
"20665","",-49
"85135C","Damages",-49
"23028","",-49
"23131","?",-49
"21641","",-49
"85230E","Damaged",-48
"75131","",-48
"85230F","",-48
"21109","wet",-48
"22700","smashed",-48
"84801A","wet damaged",-48
"22606","",-48
"22857","sold as set on dotcom",-48
"17096","",-48
"22926","",-48
"21613","",-47
"22286","check",-47
"22087","",-47
"21165","",-46
"20984","damaged",-46
"90195A","check",-45
"71143","",-45
"35972","",-45
"21622","damages",-45
"22469","",-45
"84546","",-45
"22036","",-45
"20684","",-45
"16043","",-45
"21974","",-45
"84801B","",-44
"35817P","thrown away",-44
"15060B","",-43
"35649","",-43
"22242","",-43
"35833G","damages",-43
"22271","check",-43
"35915C","damaged",-43
"35923","check",-42
"22893","",-42
"21827","",-42
"23175","",-42
"22922","sold as set on dotcom",-42
"22944","sold as set on dotcom",-42
"85132B","",-42
"85175","check",-42
"21488","",-42
"22587","check",-41
"22588","",-41
"21000","",-41
"85016","",-41
"84581","check",-41
"85118","",-41
"22927","?",-40
"22423","damages",-40
"22775","",-40
"22579","dotcom",-40
"21448","",-40
"21424","damages",-40
"21159","damaged",-40
"21894","",-40
"22043","check",-40
"22149","damages",-40
"21793","check",-40
"21865","",-40
"20752","",-40
"35241","damages?",-40
"23322","mouldy",-40
"22854","",-40
"20803","damages",-40
"21349","",-39
"82494L","cracked",-39
"77081","",-39
"85054","check",-39
"84508A","check",-39
"21781","damages?",-39
"85144","",-38
"22088","",-38
"21803","check",-38
"84029E","",-38
"21683","",-38
"10123G","",-38
"84406B","",-38
"21395","",-38
"21896","",-38
"84569B","",-37
"21717","",-37
"72816","",-37
"20652","check",-37
"22412","",-37
"84766","",-37
"84569C","",-37
"35001W","",-36
"85035B","check",-36
"22461","",-36
"85136C","damages",-36
"20738","",-36
"22740","",-36
"21839","",-36
"20751","check",-35
"84968E","check",-35
"22777","",-35
"21394","damages",-35
"75172","",-35
"20892","",-34
"84531A","",-34
"23462","damages",-34
"20857","",-34
"21067","",-34
"84226","",-34
"22862","",-33
"22943","check",-33
"21116","",-33
"84678","",-33
"21801","",-33
"21632","",-33
"20903","",-33
"21638","",-33
"82494L","crushed ctn",-33
"21244","",-33
"35916C","",-32
"21627","check",-32
"84916","",-32
"21190","",-32
"90180A","stock check",-32
"85103","stock creditted wrongly",-32
"84313B","Damaged",-32
"84625C","",-32
"84631","",-32
"22415","",-31
"21195","",-31
"21281","",-31
"84455","",-31
"37477C","",-31
"21518","",-31
"22586","check",-30
"22924","sold as set on dotcom",-30
"37479P","sold as set on dotcom",-30
"20840","damages",-30
"21814","",-30
"37479B","sold as set by dotcom",-30
"22856","sold as set on dotcom",-30
"84920","",-30
"22025","check",-30
"21621","",-30
"20701","",-30
"23412","?",-30
"21527","damages",-30
"85086A","",-30
"15058C","wet/rusty",-30
"15058A","wet/rusty",-30
"35922","",-30
"84522","",-30
"72781","",-30
"22667","damaged",-30
"21275","?",-30
"84422","Dagamed",-30
"23118","Breakages",-30
"22518","",-30
"21171","",-30
"22576","check",-30
"84800L","",-29
"22427","damages",-29
"85215","Damaged",-29
"17013D","",-29
"84609","damages",-29
"21258","?",-29
"21054","",-29
"21392","",-29
"90200C","",-29
"21359","",-29
"21165","check",-28
"90173","",-28
"84251J","",-28
"22176","check",-28
"90210D","check",-28
"21868","check",-28
"48116","",-27
"35611B","thrown away",-27
"84856L","",-27
"22797","damages",-27
"15044B","",-27
"21051","",-27
"84877B","",-27
"21870","",-26
"85049D","",-26
"84898F","",-26
"21615","check",-26
"23395","check",-26
"84743C","damages",-26
"35933","",-26
"37467","",-26
"21391","",-26
"72818","check",-26
"16169K","",-25
"22688","",-25
"21332","",-25
"22784","damages",-25
"20669","",-25
"21911","",-25
"21040","",-25
"22810","check",-25
"21137","",-25
"84249A","damaged",-25
"21414","",-25
"22173","",-25
"22719","sold as 22467",-25
"16162L","",-24
"85167B","",-24
"47503H","check",-24
"85035C","check",-24
"22128","sold as set on dotcom",-24
"21033","taig adjust no stock",-24
"35833P","check",-24
"22665","",-24
"79163","sold as set on dotcom",-24
"22480","",-24
"35650","",-24
"84751B","",-24
"46126A","",-23
"23152","",-23
"85130A","",-23
"81950B","",-23
"22136","",-23
"18097A","",-23
"84508B","",-23
"21352","check",-23
"21320","",-23
"22687","",-23
"35815P","",-23
"84531B","",-23
"85036B","check",-23
"20671","",-22
"17012C","check",-22
"21636","check",-22
"21288","",-22
"84990","",-22
"35818B","adjustment",-22
"40018F","",-22
"85208","check",-22
"84816","damages",-21
"85006","",-21
"85160A","",-21
"84596L","",-21
"21431","",-21
"23406","CHECK",-21
"20906","",-21
"21891","",-21
"21337","",-21
"21744","check",-21
"21311","",-21
"22946","check",-21
"84877A","",-21
"84508C","check",-21
"35916A","",-21
"35916B","",-21
"84968F","check",-20
"22712","",-20
"21011","",-20
"22454","",-20
"21620","check",-20
"22409","",-20
"85017A","",-20
"22722","",-20
"22925","",-20
"22601","check",-20
"22021","",-20
"84660C","",-20
"85161","samples/damages",-20
"23029","damages",-20
"84952C","",-19
"21407","",-19
"90099","",-19
"21363","",-19
"84968B","",-19
"47502","",-19
"10134","",-19
"21656","samples",-19
"23400","check",-19
"84876C","",-19
"22519","",-19
"90082D","",-19
"10123C","",-18
"17011F","",-18
"90012A","stock check",-18
"84597C","",-18
"21248","",-18
"84569A","",-18
"48189","damaged",-18
"84638","",-18
"21175","",-18
"90120D","",-18
"37340","sold as set on dotcom",-18
"21527","",-18
"21143","",-17
"21361","",-17
"37423","",-17
"21898","",-17
"84875A","",-17
"22497","",-17
"84919","",-17
"84966A","",-17
"21836","",-16
"71038","check",-16
"47343A","",-16
"21027","",-16
"85008","",-16
"84910A","",-16
"72051S","",-16
"79030G","Water damaged",-16
"37464","",-16
"22060","",-16
"16052","",-16
"47344B","",-16
"22848","",-16
"84743C","",-16
"21662","",-16
"20699","",-16
"85087","",-16
"84872A","",-16
"82494L","",-16
"21283","",-15
"20934","",-15
"22426","check",-15
"90164A","",-15
"22272","Damaged",-15
"20665","adjustment",-15
"84660A","damaged",-15
"23091","",-15
"72800D","",-15
"84665","water damaged",-15
"21589","",-14
"22567","",-14
"84726","",-14
"21819","check",-14
"21416","",-14
"21825","",-14
"85232A","",-14
"21610","",-14
"21673","",-14
"90164B","",-14
"20774","damaged",-14
"22180","",-14
"22168","",-14
"84912B","damaged",-14
"37474","",-14
"21179","damaged",-14
"35597A","",-14
"22784","",-14
"22451","",-14
"23065","",-13
"82483","crushed",-13
"47574B","",-13
"22184","",-13
"84597B","",-13
"85064","",-13
"35271S","",-13
"35809A","",-13
"22423","faulty",-13
"21087","",-13
"20773","",-13
"23066","",-13
"85195","",-13
"35823P","",-12
"22149","check",-12
"22923","sold as set on dotcom",-12
"21547","",-12
"90014A","check",-12
"84925D","",-12
"44236","",-12
"37501","",-12
"23131","",-12
"21535","",-12
"35603B","",-12
"22453","",-12
"37471","sold as set on dotcom",-12
"21858","",-12
"20998","",-11
"20816","",-11
"22655","damages/showroom etc",-11
"84881","",-11
"40003","",-11
"37477B","",-11
"84966B","",-11
"21324","",-11
"DCGS0067","ebay",-11
"84563B","damaged",-11
"22194","",-11
"84415A","",-11
"85198","",-11
"84761","",-11
"79336","",-11
"17090D","",-10
"90210C","",-10
"72801C","check",-10
"84576","",-10
"47563B","",-10
"20898","check",-10
"84499","",-10
"DCGS0068","ebay",-10
"22121","check",-10
"22778","check",-10
"20752","check",-10
"84563A","",-10
"62096B","",-10
"22268","check",-10
"84750A","",-10
"22625","",-9
"84415B","",-9
"22244","",-9
"22192","",-9
"85067","",-9
"35607B","thrown away",-9
"90035A","",-9
"35965","found some more on shelf",-9
"22043","dotcom",-9
"85092","",-9
"37379A","",-9
"16202B","",-9
"35015","",-9
"37476","",-9
"22837","",-9
"20734","",-9
"22847","",-9
"37477D","",-9
"22865","",-9
"82599","",-9
"21758","",-9
"46775D","",-9
"21643","damaged",-9
"23397","damaged",-9
"79192A","",-9
"21511","",-9
"85030","",-9
"21398","damages",-9
"21817","check",-8
"35824B","",-8
"22467","",-8
"DCGS0070","",-8
"85124C","",-8
"21609","",-8
"21474","",-8
"90014C","",-8
"23064","Crushed",-8
"84725","",-8
"84683","",-8
"84846A","",-8
"21792","",-8
"22863","",-7
"21635","",-7
"20860","",-7
"81953P","",-7
"16020C","",-7
"47341A","",-7
"84927A","",-7
"20980","",-7
"84856S","",-7
"22627","",-7
"21160","",-7
"84559D","",-7
"DCGS0003","ebay",-7
"16010","",-7
"85224","",-7
"84865","damaged",-7
"21228","",-7
"21089","damaged",-7
"22443","",-7
"79172D","",-7
"79337","",-7
"84597B","damages",-6
"85226C","",-6
"DCGS0057","",-6
"85189","",-6
"20863","",-6
"21038","",-6
"21100","Damaged",-6
"21120","",-6
"21412","",-6
"85127","",-6
"21653","",-6
"21763","",-6
"21823","damaged",-6
"22769","",-6
"23118","check",-6
"84921","",-6
"37424","",-6
"37487B","Damaged",-6
"84840","",-6
"47591A","",-6
"62097B","",-6
"79051A","sold as set on dotcom",-6
"81953B","",-6
"84313C","",-6
"84465","",-6
"82095","",-5
"23595","re-adjustment",-5
"84482","",-5
"84666","",-5
"47503A","",-5
"DCGS0069","ebay",-5
"21316","",-5
"85098B","",-5
"20666","",-5
"84857A","",-5
"21923","",-5
"21421","damaged",-5
"35966","",-5
"21895","",-5
"84845D","",-5
"84593","",-5
"21777","",-5
"84763","",-5
"20825","",-5
"84905","",-5
"21587","",-5
"84708B","",-5
"20793","",-5
"46037A","",-5
"22927","damaged",-5
"16244B","",-5
"20731","",-5
"84880","",-5
"84899F","",-5
"20896","",-5
"21147","",-5
"84706D","",-5
"90012B","check",-5
"16254","",-5
"90037D","",-5
"20689","",-5
"22838","",-5
"72800F","",-5
"21769","showroom",-5
"90100","",-5
"84750B","",-4
"23020","smashed",-4
"22146","",-4
"85036C","check",-4
"20941","",-4
"79071B","",-4
"85068","",-4
"21784","",-4
"22726","",-4
"17007B","",-4
"22827","",-4
"84563A","damaged",-4
"22470","",-4
"44091A","",-4
"35591T","",-4
"35594","",-4
"DCGS0073","ebay",-4
"84228","crushed",-4
"21330","",-4
"85141","",-4
"20778","",-4
"35920","",-4
"85136B","",-4
"21360","Show Samples",-4
"21410","",-4
"85152","",-4
"82545A","",-4
"22855","",-4
"85060","",-4
"35972","check",-3
"84874B","",-3
"20933","",-3
"84584","",-3
"84576","damaged",-3
"84007","",-3
"20902","check",-3
"78027","",-3
"20850","",-3
"85126","",-3
"35969","",-3
"79331","",-3
"22579","",-3
"21806","",-3
"21738","",-3
"DCGS0066P","",-3
"21654","Damaged",-3
"72793","",-3
"84854","",-3
"21274","",-3
"20820","",-3
"84907","",-3
"22795","",-3
"84715","",-3
"72815","",-3
"20774","",-3
"DCGS0071","",-2
"72798C","",-2
"72789","",-2
"17012B","",-2
"84823","",-2
"16151A","",-2
"21432","",-2
"21538","",-2
"21618","",-2
"23427","damaged",-2
"21854","",-2
"37343","damaged",-2
"37444B","",-2
"44265","",-2
"84251F","",-2
"84562A","",-2
"84876D","damaged",-2
"84306","",-2
"84218","",-2
"84967A","",-2
"20785","",-2
"21761","damaged",-2
"84864A","",-2
"84927E","",-2
"21765","",-2
"85018B","",-2
"84629","",-2
"22656","",-2
"79329","",-2
"21681","",-2
"23284","",-2
"21781","",-2
"20954","",-2
"84797B","",-2
"72821","",-2
"84581","",-2
"46115B","",-2
"21246","damaged",-2
"21275","",-2
"47013A","damaged",-2
"81950V","",-1
"85119","",-1
"90014B","",-1
"84313C","damaged",-1
"DCGS0074","",-1
"90095","",-1
"85110","",-1
"22143","",-1
"90000C","",-1
"21805","",-1
"22060","damaged",-1
"DCGS0055","",-1
"35991","",-1
"37488A","damaged",-1
"37333","",-1
"21910","",-1
"85211","",-1
"20681","",-1
"84227","",-1
"84967B","",-1
"84964B","",-1
"84526","",-1
"84664","",-1
"84927D","",-1
"85179B","",-1
"20864","",-1
"84509F","",-1
"20910","",-1
"79163","damaged",-1
"DCGS0072","",-1
"84789","",-1
"79026B","",-1
"84975","",-1
"85167B","DAMAGED",-1
"85031C","",-1
"85040B","",-1
"21282","",-1
"84466","",-1
"22765","",-1
"84424A","",-1
"21594","",-1
"47579","",-1
"17165D","",-1
"35644","",-1
"21645","",-1
"84877D","",-1
"90091","",-1
"85032D","damaged",-1
"22528","",-1
"22823","test",0
"22833","",0
"23135","",0
"85185D","",0
"84989A","",0
"84857C","",0
"47566B","incorrectly credited C550456 see 47",0
"16207B","",0
"35597D","",0
"23084","for online retail orders",1
"23084","Amazon",1
"90142A","GREEN PENDANT SHELL NECKLACE",1
"23071","MARIE ANTOIENETT TRINKET BOX GOLD",1
"84977","WIRE FLOWER T-LIGHT HOLDER",1
"90021","LASER CUT MULTI STRAND NECKLACE",1
"90020","FILIGREE DIAMANTE CHAIN",1
"85031B","BLOSSOM IMAGES SCRAP BOOK SET",1
"23366","SET 12 COLOURING PENCILS DOILEY",1
"23370","SET 36 COLOURING PENCILS DOILEY",1
"23391","I LOVE LONDON MINI RUCKSACK",1
"23400","",1
"84968f","SET OF 16 VINTAGE SKY BLUE CUTLERY",1
"85034b","3 WHITE CHOC MORRIS BOXED CANDLES",1
"90135A","ORANGE/FUSCHIA STONES NECKLACE",1
"85035b","CHOCOLATE 3 WICK MORRIS BOX CANDLE",1
"85035c","ROSE 3 WICK MORRIS BOX CANDLE",1
"22927","Amazon",1
"90025B","BAROQUE BUTTERFLY EARRINGS RED",1
"22925","check",1
"22925","AMAZON",1
"23602","SET 10 CARDS 3 WISE MEN 17107",1
"23609","SET 10 CARDS SNOWY ROBIN 17099",1
"22848","AMAZON",1
"22830","",1
"23628","SET 10 CARDS TRIANGLE ICONS  17220",1
"90025E","BAROQUE BUTTERFLY EARRINGS MONTANA",1
"85036b","CHOCOLATE 1 WICK MORRIS BOX CANDLE",1
"23643","SET 10 CARDS CHRISTMAS BAUBLE 16954",1
"23664","FLOWER SHOP DESIGN MUG",1
"35004P","",1
"35004P","SET OF 3 PINK FLYING DUCKS",1
"85044","",1
"35597A","DUSTY PINK CHRISTMAS TREE 30CM",1
"35597B","BLACKCHRISTMAS TREE 30CM",1
"35600A","Found by jackie",1
"35607A","",1
"90126A","PINK BERTIE MOBILE PHONE CHARM",1
"35609A","PINK FEATHER CHRISTMAS DECORATION",1
"84877D","found",1
"85049B","Amazon",1
"35650","VINTAGE BEAD PINK JEWEL STAND",1
"22687","adjustment",1
"22528","GARDENERS KNEELING PAD",1
"85049c","ROMANTIC PINKS RIBBONS",1
"22355","test",1
"90178B","PURPLE CHUNKY GLASS+BEAD NECKLACE",1
"22323","PINK POLKADOT KIDS BAG",1
"22323","",1
"22218","CAKE STAND LACE WHITE",1
"22199","FRYING PAN RED POLKADOT",1
"22176","amazon",1
"22146","EASTER CRAFT IVY WREATH WITH CHICK",1
"22125","",1
"90181C","BLACK GLASS/SHELL/PEARL NECKLACE",1
"22016","Dotcomgiftshop Gift Voucher £100.00",1
"37461","FUNKY MONKEY MUG",1
"21888","Amazon",1
"21868","Amazon",1
"37474","SET/4 2 TONE EGG SHAPE MIXING BOWLS",1
"21839","MUMMY MOUSE RED GINGHAM RIBBON",1
"21811","",1
"90100","NECKLACE+BRACELET SET PINK DAISY",1
"m","Manual",1
"90183c","BLACK DROP EARRINGS W LONG BEADS",1
"90184c","BLACK CHUNKY BEAD BRACELET W STRAP",1
"90092","BLUE CRYSTAL BOOT PHONE CHARM",1
"46776b","WOVEN BERRIES CUSHION COVER",1
"46776e","WOVEN CANDY CUSHION COVER",1
"90084","PINK CRYSTAL GUITAR PHONE CHARM",1
"21667","",1
"85119","WATERING CAN SINGLE HOOK PISTACHIO",1
"90084","",1
"90187A","BLUE DROP EARRINGS W BEAD CLUSTER",1
"21595","",1
"47579","TEA TIME BREAKFAST BASKET",1
"47589","",1
"84613C","BLUE NEW BAROQUE FLOCK CANDLESTICK",1
"21491","SET OF THREE VINTAGE GIFT WRAPS",1
"47591b","SCOTTIES CHILDRENS APRON",1
"21491","",1
"90081B","LILY BROOCH WHITE/SILVER COLOUR",1
"21414","SCALLOP SHELL SOAP DISH",1
"21410","COUNTRY COTTAGE  DOORSTOP GREEN",1
"21349","check",1
"21310","CAPIZ CHANDELIER",1
"85144","JARDIN ETCHED GLASS BUTTER DISH",1
"85160a","WHITE BIRD GARDEN DESIGN MUG",1
"72802C","",1
"72802c","VANILLA SCENT CANDLE JEWELLED BOX",1
"72803B","",1
"72803b","OCEAN SCENT CANDLE JEWELLED DRAWER",1
"72807A","AMAZON",1
"21160","KEEP OUT GIRLS DOOR HANGER",1
"21134","",1
"90209B","",1
"21120","*Boombox Ipod Classic",1
"21071","",1
"90068","RUBY GLASS NECKLACE 42""",1
"85170A","",1
"21009","ETCHED GLASS STAR TREE DECORATION",1
"21009","",1
"85170A","SET/6 IVORY BIRD T-LIGHT CANDLES",1
"77079","DOLPHIN WINDMILL",1
"20967","Amazon Adjustment",1
"20950","",1
"20860","GOLD COSMETICS BAG WITH BUTTERFLY",1
"84596l","BISCUITS SMALL BOWL LIGHT BLUE",1
"20851","",1
"90037A","TINY CRYSTAL BRACELET RED",1
"20849","",1
"85179a","GREEN BITTY LIGHT CHAIN",1
"82613A","Amazon",1
"84031a","CHARLIE+LOLA RED HOT WATER BOTTLE",1
"84031b","CHARLIE LOLA BLUE HOT WATER BOTTLE",1
"90060B","FIRE POLISHED GLASS NECKL GOLD",1
"84743C","ORANGE FELT VASE + FLOWERS",1
"20703","BLUE PADDED SOFT MOBILE",1
"84227","HEN HOUSE W CHICK IN NEST",1
"84247C","",1
"DCGS0004","HAYNES CAMPER SHOULDER BAG",1
"DCGS0069","OOH LA LA DOGS COLLAR",1
"84402B","",1
"85226A","",1
"DCGS0070","CAMOUFLAGE DOG COLLAR",1
"90042B","",1
"84510e","SET OF 4 GREEN CAROUSEL COASTERS",1
"16207A","",1
"84550","CROCHET LILAC/RED BEAR KEYRING",1
"84661b","BLACK SQUARE TABLE CLOCK",1
"84661a","WHITE SQUARE TABLE CLOCK",1
"85231G","amazon",1
"84569C","PACK 4 FLOWER/BUTTERFLY PATCHES",1
"90152C","BLUE/NAT SHELL NECKLACE W PENDANT",1
"85017C","adjustment",1
"21681","GIANT MEDINA STAMPED METAL BOWL",2
"47016","LIGHT DECORATION BATTERY OPERATED",2
"21667","GLASS CAKE COVER AND PLATE",2
"23342","MINT DINER CLOCK",2
"21658","",2
"21595","Dad's Cab Electronic Meter",2
"47570b","TEA TIME TABLE CLOTH",2
"21594","Dr. Jam's Arouzer Stress Ball",2
"84509g","SET OF 4 FAIRY CAKE PLACEMATS",2
"47591B","",2
"47593A","",2
"16248B","",2
"90189A","SILVER 2 STRAND NECKLACE-LEAF CHARM",2
"85126","LARGE ROUND CUTGLASS CANDLESTICK",2
"48189","adjustment",2
"22777","GLASS BELL JAR LARGE",2
"62095B","",2
"62096B","PURPLE/TURQ FLOWERS HANDBAG",2
"84802A","WHITE ANEMONE ARTIFICIAL FLOWER",2
"84802A","",2
"35598C","WHITE CHRISTMAS TREE 60CM",2
"85136B","BLUE SHARK HELICOPTER",2
"90078","PINK/WHITE GLASS DEMI CHOKER",2
"90126C","AMBER BERTIE MOBILE PHONE CHARM",2
"22783","",2
"84531A","returned",2
"90026A","GLASS BEAD HOOP NECKLACE BLACK",2
"23652","SET 10 CARD CHRISTMAS STAMPS 16963",2
"84531B","returned",2
"21268","VINTAGE BLUE TINSEL REEL",2
"84534b","FAIRY CAKE NOTEBOOK A5 SIZE",2
"23649","SET 10 CARDS DECK THE HALLS 16960",2
"16207A","check",2
"21186","WHITE DOVE HONEYCOMB PAPER GARLAND",2
"21186","",2
"90152B","BLUE/GREEN SHELL NECKLACE W PENDANT",2
"90024E","NEW BAROQUE B'FLY NECKLACE MONTANA",2
"90069","RUBY GLASS CLUSTER NECKLACE",2
"72814","",2
"23638","SET 10 CARDS ROBIN WATERPUMP  17096",2
"85036a","GARDENIA 1 WICK MORRIS BOXED CANDLE",2
"75013B","",2
"23104","IVORY PANTRY HANGING LAMP",2
"20964","POLYESTER FILLER PAD 60x40cm",2
"90067B","BROWN VINTAGE VICTORIAN EARRINGS",2
"84795C","OCEAN STRIPE HAMMOCK",2
"20964","",2
"20954","*USB Office Mirror Ball",2
"90024D","NEW BAROQUE B'FLY NECKLACE PINK",2
"23630","SET 10 CARDS HANGING BAUBLES 17080",2
"79161A","",2
"79161A","ST GEORGE SET OF 10 PARTY LIGHTS",2
"90127A","PINK BEADS+HAND PHONE CHARM",2
"90065B","BLACK VINT ART DEC CRYSTAL BRACELET",2
"23617","SET 10 CARDS SWIRLY XMAS TREE 17104",2
"90128B","BLUE LEAVES AND BEADS PHONE CHARM",2
"22848","check",2
"20878","",2
"84760S","",2
"20871","OPULENT VELVET SET/3 CANDLES",2
"90128C","GREEN LEAVES AND BEADS PHONE CHARM",2
"20861","GOLD COSMETIC BAG PINK STAR",2
"90011C","GREEN CRYSTAL DROP EARRINGS",2
"S","SAMPLES",2
"23091","check",2
"85184c","SET 4 VALENTINE DECOUPAGE HEART BOX",2
"82583","",2
"90128D","PURPLE LEAVES AND BEADS PHONE CHAR",2
"82605","",2
"AMAZONFEE","AMAZON FEE",2
"23079","TOADSTOOL BEDSIDE LIGHT",2
"84660b","BLACK STITCHED WALL CLOCK",2
"23462","ROCOCO WALL MIROR",2
"84731","3 BIRDS CANVAS SCREEN",2
"84990","60 GOLD AND SILVER FAIRY CAKE CASES",2
"84968B","SET OF 16 VINTAGE IVORY CUTLERY",2
"85035a","GARDENIA 3 WICK MORRIS BOXED CANDLE",2
"90140","PINK SWEETIE NECKLACE",2
"84691","",2
"84971L","",2
"84971l","LARGE HEART FLOWERS HOOK",2
"21895","POTTING SHED SOW 'N' GROW SET",2
"84620","BLUE GINGHAM ROSE CUSHION COVER",2
"90035C","PEARL & SHELL 42""NECKL. IVORY",2
"90112","",2
"90014B","GOLD M.O.P. ORBIT NECKLACE",2
"23084","add stock to allocate online orders",2
"90112","PINK DOLLY HAIR CLIPS",2
"21826","",2
"90025A","BAROQUE BUTTERFLY EARRINGS BLACK",2
"90014C","SILVER AND BLACK ORBIT NECKLACE",2
"90052","CRACKED GLAZE NECKLACE BROWN",2
"37489A","",2
"37327","",2
"90034","WHITE SILVER NECKLACE SHELL GLASS",2
"37509","NEW ENGLAND MUG W GIFT BOX",2
"84856L","LARGE TAHITI BEACH BAG",2
"22218","",2
"84873A","FUNKY FLOWER PICNIC BAG FOR 4",2
"35833G","4 GOLD FLOCK CHRISTMAS BALLS",2
"44265","M/COLOUR POM-POM CURTAIN",2
"84614A","PINK BAROQUE FLOCK CANDLE HOLDER",2
"84824","DANISH ROSE UMBRELLA STAND",2
"85049d","BRIGHT BLUES RIBBONS",2
"85049b","LUSH GREENS RIBBONS",2
"21686","",2
"84675","",2
"90042A","FRESHWATER PEARL BRACELET GOLD",3
"72815","3 WICK CHRISTMAS BRIAR CANDLE",3
"85224","ASSORTED COLOUR SILK GLASSES CASE",3
"85018C","",3
"84562A","PINK/WHITE RIBBED MELAMINE JUG",3
"23056","CRYSTAL CHANDELIER T-LIGHT HOLDER",3
"23610","SET 10 CARDS CHRISTMAS ROBIN 17095",3
"84977","",3
"85047","WHITE BEADED GARLAND STRING 20LIGHT",3
"85034a","3 GARDENIA MORRIS BOXED CANDLES",3
"90176A","CLASSIC DIAMANTE NECKLACE JET",3
"21661","VINTAGE GLASS TEA CADDY",3
"21319","adjustment",3
"21661","",3
"23633","SET 10 CARDS WORLD CHILDREN 17067",3
"90016C","SILVER/BLACK PENDANT ORBIT NECKLACE",3
"22764","",3
"90048","GREEN WITH METAL BAG CHARM",3
"84596g","SMALL CHOCOLATES PINK BOWL",3
"85231b","CINAMMON SET OF 9 T-LIGHTS",3
"17136A","check",3
"90027B","GLASS BEAD HOOP EARRINGS MONTANA",3
"90082B","",3
"90046","WHITE WITH METAL BAG CHARM",3
"90025D","BAROQUE BUTTERFLY EARRINGS PINK",3
"82600","check",3
"90077","BLACK DIAMOND CLUSTER EARRINGS",3
"21082","found",3
"90137","PINK COMBO MINI CRYSTALS NECKLACE",3
"84689","S/2 BEACH HUT TREASURE CHESTS",3
"90026D","GLASS BEAD HOOP NECKLACE AMETHYST",3
"85135B","check",3
"84963B","BLUE PAINTED KASHMIRI CHAIR",3
"90060D","FIRE POLISHED GLASS NECKL BRONZE",3
"84773","RED ROSE AND LACE C/COVER",3
"21904","",3
"37509","",3
"85115B","S/4 BLACK DISCO PARTITION PANEL",3
"84773","",3
"37464","ROBOT MUG IN DISPLAY BOX",3
"47503J","SET/3 FLORAL GARDEN TOOLS IN BAG",3
"gift_0001_40","Dotcomgiftshop Gift Voucher £40.00",3
"15060b","FAIRY CAKE DESIGN UMBRELLA",3
"85132c","CHARLIE AND LOLA FIGURES TINS",3
"DCGS0076","SUNJAR LED NIGHT NIGHT LIGHT",3
"90026B","GLASS BEAD HOOP NECKLACE MONTANA",3
"90011D","PURPLE CRYSTAL DROP EARRINGS",3
"90014C","SILVER/BLACK ORBIT NECKLACE",3
"90130D","RED STONE/CRYSTAL EARRINGS",3
"21393","",3
"90128A","PINK LEAVES AND BEADS PHONE CHARM",3
"90005A","",3
"84795C","",3
"90104","",3
"23635","SET 10 CARDS CHRISTMAS HOLLY  17259",3
"84803A","PINK ALLIUM  ARTIFICIAL FLOWER",3
"35598C","found",3
"90132","LIGHT TOPAZ TEAL/AQUA COL NECKLACE",3
"85125","",3
"20906","VINTAGE NOTEBOOK BEAUTY GIRL",3
"21445","",3
"90176C","DIAMANTE NECKLACE",3
"79192A","RETRO PLASTIC 70'S TRAY",3
"90136","PALE PINK/AMETHYST STONE NECKLACE",3
"85031C","CURIOUS IMAGES SCRAP BOOK SET",3
"90179B","PURPLE FINE BEAD NECKLACE W TASSEL",3
"84847","",3
"84968d","SET OF 16 VINTAGE RED CUTLERY",3
"90011E","AMBER CRYSTAL DROP EARRINGS",3
"84617","NEW BAROQUE BLACK BOXES",3
"45013","FOLDING SHOE TIDY",3
"37327","adjustment",3
"20678","LARGE BLACK DIAMANTE HAIRSLIDE",4
"84660a","WHITE STITCHED WALL CLOCK",4
"90176E","DIAMANTE NECKLACE GREEN",4
"47013C","",4
"23412","",4
"84507C","adjustment",4
"90156","RESIN BRACELET W PASTEL BEADS",4
"22689","",4
"37444B","BLUE BREAKFAST CUP AND SAUCER",4
"35645","VINTAGE BEAD PINK JEWEL BOX",4
"90176B","DIAMANTE NECKLACE BLACK",4
"90036B","FLOWER GLASS GARLAND NECKL.36""GREEN",4
"47574B","ENGLISH ROSE SCENTED HANGING HEART",4
"85049B","",4
"21539","check",4
"23702","High Resolution Image",4
"90056","CHUNKY CRACKED GLAZE NECKLACE IVORY",4
"37444C","",4
"72807b","SET/3 OCEAN SCENT CANDLE JEWEL BOX",4
"79157B","UBO-LIGHT TRIOBASE BLUE",4
"84856S","SMALL TAHITI BEACH BAG",4
"90026C","GLASS BEAD HOOP NECKLACE GREEN",4
"23624","SET 10 CARD PERFECT NATIVITY 17089",4
"90141D","ROSE PENDANT TRIPLE SHELL NECKLACE",4
"35592T","",4
"23619","SET 10 CARDS POINSETTIA 17093",4
"22548","adjustment",4
"79323P","PINK CHERRY LIGHTS",4
"37461","",4
"20892","SET/3 TALL GLASS CANDLE HOLDER PINK",4
"23639","SET 10 CARDS MAGICAL TREE 17086",4
"90043","COPPER AND BRASS BAG CHARM",4
"PADS","PADS TO MATCH ALL CUSHIONS",4
"90074","BLACK DIAMOND CLUSTER NECKLACE",4
"23253","16 PC CUTLERY SET PANTRY DESIGN",4
"23608","SET 10 CARDS RUDOLPHS NOSE 17097",4
"90075","MONTANA DIAMOND CLUSTER NECKLACE",4
"23605","SET 10 CARDS 12 DAYS OF XMAS 17059",4
"21804","dotcom",4
"23604","SET 10 MINI SANTA & SNOWMAN  17087",4
"72817","dotcomstock",4
"23084","allocate stock for dotcom orders ta",4
"23579","Sale error",4
"23579","",4
"37491B","BLUE/YELLOW CERAMIC CANDLE HOLDER",4
"22778","GLASS BELL JAR SMALL",4
"37491D","PURPLE/BLUE CERAMIC CANDLE HOLDER",4
"84963A","PINK PAINTED KASHMIRI CHAIR",4
"gift_0001_50","Dotcomgiftshop Gift Voucher £50.00",4
"90025F","BAROQUE BUTTERFLY EARRINGS CRYSTAL",4
"DCGS0003","BOXED GLASS ASHTRAY",4
"17191A","ROSE FLOWER CANDLE+INCENSE 16X16CM",4
"23650","SET 10 CARDS FILIGREE BAUBLE 16961",4
"90195B","BLACK GEMSTONE BRACELET",4
"77079","",4
"84802B","PURPLE ANEMONE ARTIFICIAL FLOWER",4
"90053","CRACKED GLAZE EARRINGS IVORY",4
"90024C","NEW BAROQUE B'FLY NECKLACE GREEN",4
"23615","SET 10 CARDS PRINTED GRAPHIC 17219",4
"21228","POCKET MIRROR ""GLAMOROUS""",5
"90029","NEW BAROQUE SMALL NECKLACE BLACK",5
"84536b","FAIRY CAKES NOTEBOOK A7 SIZE",5
"84873A","",5
"23644","SET 10 CARDS CHRISTMAS TREE 16955",5
"21144","PINK POODLE HANGING DECORATION",5
"72807c","SET/3 VANILLA SCENTED CANDLE IN BOX",5
"84558a","3D DOG PICTURE PLAYING CARDS",5
"90035A","PEARL & SHELL 42""NECKL. GREEN",5
"90001B","ANTIQUE MID BLUE FLOWER EARRINGS",5
"90042C","FRESHWATER PEARL BRACELET IVORY",5
"23634","SET 10 CARDS XMAS CHOIR 17068",5
"90027C","GLASS BEAD HOOP EARRINGS GREEN",5
"22829","",5
"84875D","found",5
"21836","GINGHAM OVEN GLOVE RED HEART",5
"79157V","UBO-LIGHT TRIOBASE PURPLE",5
"21808","",5
"46776a","WOVEN BUBBLE GUM CUSHION COVER",5
"23612","SET 10 MINICARDS CUTE SNOWMAN 17071",5
"21736","",5
"81950V","FLOWER PURPLE CLOCK W/SUCKER",5
"23348","check",5
"90141E","ORANGE PENDANT TRIPLE SHELL NECKLAC",5
"23595","adjustment",5
"20820","SILVER LOOKING MIRROR",5
"20798","",5
"84997a","GREEN 3 PIECE POLKADOT CUTLERY SET",5
"90001C","ANTIQUE OPAL WHITE FLOWER EARRINGS",5
"90180B","PURPLE AMETHYST NECKLACE W TASSEL",5
"84201C","HAPPY BIRTHDAY CARD TEDDY/CAKE",5
"84206B","CAT WITH SUNGLASSES BLANK CARD",5
"22947","",5
"90131","PINK/AMETHYST/GOLD NECKLACE",5
"90041","PEARL AND CHERRY QUARTZ BRACLET",5
"90037C","TINY CRYSTAL BRACELET BLUE",5
"20695","FLORAL BLUE MONSTER",5
"85232B","",5
"84968a","SET OF 16 VINTAGE ROSE CUTLERY",5
"84975","HEART SHAPED MIRROR",5
"47518f","ICON PLACEMAT POP ART ELVIS",5
"84509b","SET OF 4 FAIRY CAKE PLACEMATS",5
"21538","DAIRY MAID  PUDDING BOWL",5
"90049","IVORY GOLD METAL BAG CHARM",5
"90152A","SILVER/NAT SHELL NECKLACE W PENDANT",5
"18097A","PINK TALL PORCELAIN T-LIGHT HOLDER",5
"90055","CRACKED GLAZE EARRINGS BROWN",5
"21416","CLAM SHELL LARGE",5
"10123C","HEARTS WRAPPING TAPE",5
"90196B","BLACK GEMSTONE NECKLACE 45CM",5
"90024F","NEW BAROQUE B'FLY NECKLACE CRYSTAL",5
"84854","GIRLY PINK TOOL SET",5
"84689","",5
"84593","CROCHET ROSE DES CLOTHES HANGER",5
"35591T","TURQUOISE CHRISTMAS TREE",5
"23388","WOODLAND MINI RUCKSACK",5
"23654","SET 10 CARD SNOWMAN 16965",5
"90182B","AMETHYST 3 BEAD DROP EARRINGS",5
"90001A","ANTIQUE RASPBERRY FLOWER EARRINGS",5
"84388","",6
"21069","",6
"23043","PAPER LANTERN 9 POINT HOLLY STAR 40",6
"90123D","WHITE HEART OF GLASS BRACELET",6
"90179A","AMBER FINE BEAD NECKLACE W TASSEL",6
"84679","CLASSICAL ROSE TABLE LAMP",6
"90122B","JADE CRYSTAL+GLASS BRACELET",6
"90011A","MIDNIGHT BLUE CRYSTAL DROP EARRINGS",6
"84613A","PINK NEW BAROQUE FLOCK CANDLESTICK",6
"85200","",6
"23240","SET OF 4 KNICK KNACK TINS  DOILEY",6
"90179C","BLACK FINE BEAD NECKLACE W TASSEL",6
"90130A","WHITE STONE/CRYSTAL EARRINGS",6
"84741C","",6
"85225","BLING KEY RING STAND",6
"21757","LIGHTHOUSE PRINTED METAL SIGN",6
"22932","BAKING MOULD TOFFEE CUP  CHOCOLATE",6
"84539","",6
"90060F","FIRE POLISHED GLASS NECKL GREEN",6
"17107D","FLOWER FAIRY 5 SUMMER DRAW LINERS",6
"17028J","INCENSE BAZAAR PEACH",6
"85160A","WHITE BIRD GARDEN DESIGN MUG",6
"85231g","ORANGE SCENTED SET/9 T-LIGHTS",6
"35965","found",6
"20801","",6
"37491A","YELLOW/PINK CERAMIC CANDLE HOLDER",6
"82483","",6
"90039C","FIRE POLISHED GLASS BRACELET BLACK",6
"90159","COTE D'AZURE NECKLACE",6
"22087","Amazon",6
"37444A","",6
"37330","BIG POLKADOT MUG",6
"23621","SET 10 CARDS DAVID'S MADONNA 17074",6
"90199D","5 STRAND GLASS NECKLACE AMBER",6
"37379A","PINK CHERRY BLOSSOM CUP & SAUCER",6
"20935","ROUND CACTUS CANDLE",6
"84840","SWEETHEART CARRY-ALL BASKET",6
"21827","EIGHT PIECE CREEPY CRAWLIE SET",6
"90036A","FLOWER GARLAND NECKLACE RED",6
"47593b","SCOTTIE DOGS BABY BIB",6
"84632","DECORATIVE HANGING SHELVING UNIT",6
"90027A","GLASS BEAD HOOP EARRINGS BLACK",6
"90013D","PURPLE VINTAGE EARRINGS",6
"21763","VINTAGE WOODEN BAR STOOL",6
"84709B","",6
"90162A","ANT SILVER TURQUOISE BOUDICCA RING",6
"85127","found",6
"21620","",6
"22696","",6
"23015","CORDIAL JUG",6
"62043B","",6
"90001D","ANTIQUE OLIVE GREEN FLOWER EARRINGS",7
"gift_0001_30","Dotcomgiftshop Gift Voucher £30.00",7
"16202A","PASTEL PINK PHOTO ALBUM",7
"16206B","RED PURSE WITH PINK HEART",7
"16244B","MAXWELL 2 TONE BLUE 60 PAGE PHOTO A",7
"90212C","PURPLE LAS VEGAS BRACELET ROUND",7
"21257","",7
"21258","",7
"90181A","AMBER GLASS/SHELL/PEARL NECKLACE",7
"90176D","DIAMANTE NECKLACE PURPLE",7
"22729","",7
"90163B","WHITE ROSEBUD & PEARL NECKLACE",7
"23236","STORAGE TIN VINTAGE DOILEY",7
"23627","SET 10 CARDS XMAS GRAPHIC  17218",7
"90120A","PINK MURANO TWIST BRACELET",7
"46776f","WOVEN ROSE GARDEN CUSHION COVER",7
"72798C","SET/4 GARDEN ROSE DINNER CANDLE",7
"72802a","ROSE SCENT CANDLE IN JEWELLED BOX",7
"84270","",7
"84499","BLACK FLOWER CANDLE PLATE",7
"84596b","SMALL DOLLY MIX DESIGN ORANGE BOWL",7
"84660A","",7
"84906","",7
"85067","CREAM SWEETHEART WALL CABINET",7
"37491C","GREEN/BLUE CERAMIC CANDLE HOLDER",8
"72807a","SET/3 ROSE CANDLE IN JEWELLED BOX",8
"78034B","BLUE NETTING STORAGE HANGER",8
"79323B","BLACK CHERRY LIGHTS",8
"90036F","FLOWER GLASS GARLD NECKL36""TURQUOIS",8
"90196A","PURPLE GEMSTONE NECKLACE 45CM",8
"90178A","AMBER CHUNKY GLASS+BEAD NECKLACE",8
"22568","",8
"22734","FOUND",8
"85146","",8
"22837","HOT WATER BOTTLE BABUSHKA LARGE",8
"23047","PAPER LANTERN 5 POINT STUDDED STAR",8
"90182A","AMBER 3 BEAD DROP EARRINGS",8
"85027L","",8
"85132a","CHARLIE + LOLA BISCUITS TINS",8
"23086","ZINC STAR T-LIGHT HOLDER",8
"23106","ZINC PLANT POT HOLDER",8
"90151","SILVER/NATURAL SHELL NECKLACE",8
"20910","VINTAGE PHOTO ALBUM PARIS DAYS",8
"90024B","NEW BAROQUE B'FLY NECKLACE RED",8
"23252","ENAMEL JUG PANTRY",8
"23268","",8
"90050","CRACKED GLAZE NECKLACE IVORY",8
"23390","DOLLY GIRL MINI RUCKSACK",8
"90039A","FIRE POLISHED GLASS BRACELET RED",8
"84415B","BLUE FLOCK CUSHION COVER",8
"23396","BUTTERFLY CUSHION COVER",8
"21348","",8
"84968e","SET OF 16 VINTAGE BLACK CUTLERY",8
"90135","ORANGE/WHT/FUSCHIA STONES NECKLACE",8
"84706D","CHERRY BLOSSOM TABLE CLOCK",8
"20816","GOLD FLOWER CUSHION COVER",8
"21927","",8
"23601","SET 10 CARDS SNOWY SNOWDROPS  17100",8
"20793","BLUE TILED TRAY",8
"23607","SET 10 CARDS HATS & STOCKINGS 17081",8
"23616","SET 10 CARDS JINGLE BELLS 17217",8
"23623","SET 10 CARD CHRISTMAS WELCOME 17112",8
"23646","SET 10 CARDS JINGLE BELLS 16957",8
"35400","",8
"35443","RASTA IN BATH W SPLIFF ASHTRAY",8
"84247L","",8
"35598A","",8
"90124A","PINK MURANO TWIST NECKLACE",8
"35809B","",8
"84206C","CHAMPAGNE TRAY BLANK CARD",8
"35809B","ENAMEL BLUE RIM TEA CONTAINER",8
"35810B","",8
"35909A","RABBIT EASTER DECORATION",8
"35909B","PINK FLOWERS RABBIT EASTER",8
"84675","FROG KING WATERING CAN",9
"85135A","",9
"85132b","CHARLIE AND LOLA TABLE TINS",9
"90054","CRACKED GLAZE EARRINGS RED",9
"90038C","GLASS AND BEADS BRACELET IVORY",9
"90063B","BLACK VINT ART DEC CRYSTAL NECKLACE",9
"gift_0001_10","Dotcomgiftshop Gift Voucher £10.00",9
"90065A","WHITE VINTAGE CRYSTAL BRACELET",9
"90036C","FLOWER GLASS GARLAND NECKL.36""BLUE",9
"90076","MONTANA DIAMOND CLUSTER EARRINGS",9
"62097B","BLUE STRIPES SHOULDER BAG",9
"17174","ASSTD RASTA KEY-CHAINS",9
"20664","",9
"44091A","BLUE CRUSOE CHECK LAMPSHADE",9
"37479B","",9
"35968","check",9
"90123B","TURQUOISE HEART OF GLASS BRACELET",9
"90027D","GLASS BEAD HOOP EARRINGS AMETHYST",9
"35809a","ENAMEL PINK TEA CONTAINER",9
"85189","HANGING BUTTERFLY  EGG",9
"35598A","DUSTY PINK CHRISTMAS TREE 60CM",9
"23645","SET 10 CHRISTMAS CARDS HOHOHO 16956",9
"23640","SET 10 CARDS SCOTTIE DOG 17211",9
"23636","SET 10 CARDS WISHING TREE 17116",9
"23625","SET 6 CARDS SPARKLY REINDEER 17262",9
"84922","PINK BUTTERFLY WASHBAG",9
"90141B","IVORY PENDANT TRIPLE SHELL NECKLACE",9
"20821","",9
"20851","ZINC HEART LATTICE TRAY OVAL",9
"90211B","JET BLACK LAS VEGAS NECKLACE 45CM",9
"90148","LONG SILVER NECKLACE PASTEL FLOWER",9
"90155","RESIN NECKLACE W PASTEL BEADS",9
"85028L","",9
"90175C","BLUE GLASS CHUNKY CHARM BRACELET",9
"85145","",9
"22606","check",9
"90002D","",9
"90199B","5 STRAND GLASS NECKLACE AMETHYST",9
"90183C","BLACK DROP EARRINGS W LONG BEADS",9
"35400","WOODEN BOX ADVENT CALENDAR",10
"90037B","TINY CRYSTAL BRACELET GREEN",10
"35610A","PINK CHRISTMAS FLOCK DROPLET",10
"gift_0001_20","Dotcomgiftshop Gift Voucher £20.00",10
"84596e","SMALL LICORICE DES PINK BOWL",10
"90064A","WHITE VINTAGE CRYSTAL EARRINGS",10
"90188","DROP EARRINGS W FLOWER & LEAF",10
"90042C","",10
"90175B","PINK GLASS CHUNKY CHARM BRACELET",10
"22828","REGENCY MIRROR WITH SHUTTERS",10
"90167","BEADED LOVE HEART JEWELLERY SET",10
"90167","",10
"21181","",10
"90162D","ANT SILVER PURPLE BOUDICCA RING",10
"90157","RIVIERA NECKLACE",10
"23045","PAPER LANTERN 5 POINT STAR MOON 30",10
"90082D","DIAMANTE BOW BROOCH BLACK COLOUR",10
"23065","LARGE JEWELLERY STAND",10
"85028L","FRENCH CHATEAU LARGE FRUIT BOWL",10
"46000U","check",10
"20671","BLUE TEATIME PRINT BOWL",10
"21794","adjustment",10
"23118","dotcom adjust",10
"84465","15 PINK FLUFFY CHICKS IN BOX",10
"90051","CRACKED GLAZE NECKLACE RED",10
"90142D","MOP PENDANT SHELL NECKLACE",10
"90141C","TURQ PENDANT TRIPLE SHELL NECKLACE",10
"90079","VINTAGE ENAMEL & CRYSTAL NECKLACE",10
"84595E","",10
"84459B","",10
"90212B","JET BLACK LAS VEGAS BRACELET ROUND",10
"21823","amazon adjust",10
"90138","WHITE/PINK MINI CRYSTALS NECKLACE",10
"84306","S/3 PINK SQUARE PLANTERS ROSES",10
"90102","WHITE FRANGIPANI HAIR CLIP",10
"84924F","PSYCHEDELIC METAL SIGN CALENDAR",10
"37351","ORANGE FLOWER MUG",10
"21761","WOOD AND GLASS MEDICINE CABINET",10
"90120D","WHITE MURANO TWIST BRACELET",10
"23620","SET 10 CARDS PERFECT POST 17090",10
"gift_0001_20","to push order througha s stock was",10
"22034","ROBIN CHRISTMAS CARD",10
"90033","IVORY SHELL HEART EARRINGS",10
"71215","METAL BASE FOR CANDLES",11
"20702","",11
"90000B","MIDNIGHT BLUE COPPER FLOWER NECKLAC",11
"90012A","MIDNIGHT BLUE DROP CRYSTAL NECKLACE",11
"85195","HANGING HEART BASKET",11
"84732D","CUTE RABBIT CEATURE SCREEN",11
"90124C","GREEN MURANO TWIST NECKLACE",11
"90125E","AMBER BERTIE GLASS BEAD BAG CHARM",11
"23637","SET 10 CARDS OUT OF ORDER 17216",11
"23613","SET 10 XMAS CARDS & BADGES 17070",11
"90010B","BLACK/WHITE GLASS/SILVER BRACELET",11
"84921","CREAM AND PINK FLOWERS PONY",11
"84387A","",11
"84387A","BIRD ON BRANCH CANVAS SCREEN",11
"90039B","FIRE POLISHED GLASS BRACELET MONTAN",11
"90199A","5 STRAND GLASS NECKLACE BLACK",11
"23020","GLASS SONGBIRD STORAGE JAR",11
"21461","BLUE EASTER EGG HUNT START POST",11
"22769","CHALKBOARD KITCHEN ORGANISER",11
"90014A","SILVER M.O.P. ORBIT NECKLACE",11
"21769","VINTAGE POST OFFICE CABINET",11
"81953B","ROUND BLUE CLOCK WITH SUCKER",11
"81952B","",11
"72821","CUPID SCENTED CANDLE IN GLASS",11
"84798B","PURPLE FOXGLOVE ARTIIFCIAL FLOWER",11
"17014A","",11
"84415A","PINK FLOCK SUEDE CUSHION COVER",12
"90036D","FLOWER GLASS GARLAND NECKL.36""BLACK",12
"79329","PINK FLOCK GLASS CANDLEHOLDER",12
"90141A","GREEN PENDANT TRIPLE SHELL NECKLACE",12
"23249","ENAMEL DINNER PLATE PANTRY",12
"23251","ENAMEL MUG PANTRY",12
"21829","adjustment",12
"40005B","BLUE ORGANDY ROUND LAMPSHADE W BEA",12
"20748","",12
"90064B","BLACK VINTAGE  CRYSTAL EARRINGS",12
"85109","PINK BOUDOIR T-LIGHT HOLDER",12
"21777","RECIPE BOX WITH METAL HEART",12
"90124B","BLUE MURANO TWIST NECKLACE",12
"35817P","PINK ACRYLIC JEWEL SNOWFLAKE",12
"90018C","SILVER BLACK ORBIT DROP EARRINGS",12
"21937","",12
"35958","",12
"35958","FOLKART ZINC STAR CHRISTMAS DEC",12
"21331","MOROCCAN BEATEN METAL DISH LARGE",12
"90187B","GREEN DROP EARRINGS W BEAD CLUSTER",12
"22937","BAKING MOULD CHOCOLATE CUP CAKES",12
"22937","BAKING MOULD CUPCAKE CHOCOLATE",12
"90186A","AMETHYST HOOP EARRING FLORAL LEAF",12
"BANK CHARGES","Bank Charges",12
"47590b","PINK HAPPY BIRTHDAY BUNTING",12
"90206A","GOLD DIAMANTE STAR BROOCH",12
"90163A","PINK ROSEBUD & PEARL NECKLACE",12
"90011B","BLACK CRYSTAL DROP EARRINGS",12
"23029","DOORKNOB CRACKED GLAZE GREEN",12
"23031","DOORKNOB CRACKED GLAZE PINK",12
"23537","I LOVE LONDON WALL ART",12
"90214U","LETTER ""U"" BLING KEY RING",12
"90063A","WHITE VINT ART DECO CRYSTAL NECKLAC",12
"84881","BLUE WIRE SPIRAL CANDLE HOLDER",12
"23040","PAPER LANTERN 9 POINT SNOW STAR",12
"46115B","GREEN POP ART MAO CUSHION COVER",12
"23466","TUSCAN VILLA DOVECOTE",12
"23465","TUSCAN VILLA FEEDING STATION",12
"44242A","LILAC FEATHERS CURTAIN",12
"85024C","PINK SMALL JEWELLED PHOTOFRAME",12
"84906","PINK B'FLY C/COVER W BOBBLES",12
"85018D","YULETIDE IMAGES S/6 PAPER BOXES",12
"84462","3 PINK HEN+CHICKS IN BASKET",12
"23449","SET OF 6 EASTER RAINBOW CHICKS",12
"90211A","DIAMOND LAS VEGAS NECKLACE 45CM",12
"23212","PAINTED HEART WREATH WITH BELL",12
"23413","DECROTIVEVINTAGE COFFEE GRINDER BOX",12
"23214","BELL HEART ANTIQUE GOLD",12
"84705C","PINK FLOCK PHOTO FRAME",12
"23244","CANNISTER VINTAGE LEAF DESIGN",12
"22125","UNION JACK HOT WATER BOTTLE",13
"90002D","FLOWER BURST SILVER RING CRYSTAL",13
"79030D","",13
"21992","check",13
"90038B","GLASS AND PAINTED BEADS BRACELET OL",13
"23502","PLAYING CARDS VINTAGE DOILEY",13
"90012B","BLACK DROP CRYSTAL NECKLACE",13
"23463","VINTAGE ZINC WATERING CAN",13
"23389","SPACEBOY MINI RUCKSACK",13
"84984D","ORIENTAL RED CUSHION COVER",13
"90000A","RASPBERRY ANT COPPER FLOWER NECKLAC",13
"84551","CROCHET DOG KEYRING",13
"85008","SET OF 3 CONEY ISLAND OVAL BOXES",13
"90023","FILIGREE DIAMANTE EARRINGS",13
"85017C","Found",13
"84497","BUTTONS AND STRIPES NOTEBOOK",13
"90184A","AMBER CHUNKY BEAD BRACELET W STRAP",13
"90190B","GOLD/AMBER DROP EARRINGS W LEAF",13
"84816","DANISH ROSE BEDSIDE CABINET",13
"90019C","SILVER BLACK ORBIT BRACELET",13
"71496B","A4 WALL TIDY RED FLOWERS",13
"47589","CONGRATULATIONS BUNTING",13
"21269","",13
"47593A","found",13
"21275","ZINC TOP  2 DOOR WOODEN SHELF",13
"22351","DOTCOMGIFTSHOP TEA TOWEL",13
"35910B","PINK FLOWERS RABBIT EASTER",13
"84201B","HAPPY BIRTHDAY CARD STRIPEY TEDDY",13
"35647","VINTAGE BEAD PINK SHADE",13
"16248B","BLUE HOLE PUNCH",13
"90094","NECKLACE+BRACELET SET FRUIT SALAD",14
"17109D","Adjustment",14
"90130C","GREEN STONE/CRYSTAL EARRINGS",14
"90005A","JADE GREEN ENAMEL HAIR COMB",14
"90129D","AMBER GLASS TASSLE BAG CHARM",14
"47013A","WINE BOTTLE DRESSING LT.BLUE",14
"20670","VIP HOLIDAY PURSE",14
"23574","PACKING CHARGE",14
"35914","",14
"90162C","ANT SILVER FUSCHIA BOUDICCA RING",14
"84228","HEN HOUSE WITH CHICK STANDING",14
"17012F","check",14
"84842","HELLO SAILOR BATHROOM SET",14
"71477","",14
"85089","CANDY SPOT BUNNY",14
"90177A","CLASSIC DIAMANTE EARRINGS JET",14
"84616","SILVER ROCCOCO CHANDELIER",14
"84746","PINK EASTER HENS+FLOWER",14
"21279","",14
"90177B","DROP DIAMANTE EARRINGS BLACK DIAMON",14
"90036E","FLOWER GLASS GARLD NECKL36""AMETHYST",14
"90177E","DROP DIAMANTE EARRINGS GREEN",14
"84536a","ENGLISH ROSE NOTEBOOK A7 SIZE",14
"20785","FUSCHIA RETRO BAR STOOL",14
"90123C","GREEN HEART OF GLASS BRACELET",14
"85206B","PINK FELT EASTER EGG BASKET",14
"90040A","MURANO STYLE GLASS BRACELET RED",14
"82605","OLD DOC RUSSEL METAL SIGN",14
"84050","check",14
"84575A","PINK DOG CANNISTER",14
"44092B","BLUE WHITE PLASTIC RINGS LAMPSHADE",14
"90182C","BLACK 3 BEAD DROP EARRINGS",14
"84685","",14
"90067A","PINK VINTAGE VICTORIAN EARRINGS",14
"22139","amazon",15
"90014B","GOLD M PEARL  ORBIT NECKLACE",15
"21344","MOROCCAN BEATEN METAL DISH",15
"48173c","DOORMAT BLACK FLOCK",15
"90059C","DIAMANTE HAIR GRIP PACK/2 MONTANA",15
"44089A","PINK GAUZE BUTTERFLY LAMPSHADE",15
"90123A","PINK HEART OF GLASS BRACELET",15
"72351a","SET/6 TURQUOISE BUTTERFLY T-LIGHTS",15
"22570","",15
"90181B","AMETHYST GLASS/SHELL/PEARL NECKLACE",15
"84796B","",15
"85019B","check",15
"20818","GOLD TEDDY BEAR",15
"90040C","MURANO STYLE GLASS BRACELET GOLD",15
"90003B","ROSE COLOUR PAIR HEART HAIR SLIDES",15
"16202E","BLACK PHOTO ALBUM",15
"85030","FRENCH CHATEAU OVAL PLATTER",15
"85185D","FROG SOCK PUPPET",15
"90038A","GLASS AND PAINTED BEADS BRACELET TO",15
"23632","SET 10 CARDS CHEERFUL ROBIN 17065",15
"20778","GARDEN PATH NOTEBOOK",15
"90081A","LILY BROOCH AMETHYST COLOUR",15
"84925F","",15
"84925D","LA PALMIERA WALL THERMOMETER",15
"23406","",15
"21370","MIRRORED WALL ART FOXY",16
"85031A","ROMANTIC IMAGES SCRAP BOOK SET",16
"20973","",16
"23081","GREEN METAL BOX TOP SECRET",16
"84795b","SUNSET CHECK HAMMOCK",16
"90059B","DIAMANTE HAIR GRIP PACK/2 BLACK DIA",16
"84706F","RED PEONY TABLE CLOCK",16
"23066","SMALL JEWELLERY STAND",16
"90194","SILVER LARIAT BLACK STONE EARRINGS",16
"81950V","FLOWER PURPLE CLOCK WITH SUCKER",16
"21278","",16
"90190A","SILVER/CRYSTAL DROP EARRINGS W LEAF",16
"90028","NEW BAROQUE LARGE NECKLACE BLK/WHIT",16
"84715","SET OF 6 ICE CREAM SKITTLES",16
"23271","CHRISTMAS TABLE CANDLE SILVER SPIKE",16
"90214O","LETTER ""O"" BLING KEY RING",16
"72783","BLACK SIL'T SQU CANDLE PLATE",16
"62074B","ELEPHANT CLIP W SUCTION CUP",16
"90165A","PINK ROSEBUD PEARL EARRINGS",16
"35916B","BLUE FELT HANGING HEART W FLOWER",16
"84596f","SMALL MARSHMALLOWS PINK BOWL",16
"90014A","SILVER/MOP ORBIT NECKLACE",16
"21578","found",16
"85017A","ENVELOPE 50 ROMANTIC IMAGES",16
"23107","WHITE WIRE PLANT POT HOLDER",16
"84086B","YELLOW/BLUE RETRO RADIO",16
"10124A","SPOTS ON RED BOOKCOVER TAPE",16
"90214W","LETTER ""W"" BLING KEY RING",16
"23283","",17
"84270","ASSTD DESIGN BUBBLE GUM RING",17
"79066k","RETRO MOD TRAY",17
"84796a","PINK HAWAIIAN PICNIC HAMPER FOR 2",17
"71143","ANTIQUE SILVER BOOK MARK WITH BEADS",17
"84803B","WHITE ALLIUM  ARTIFICIAL FLOWER",17
"62043B","BLUE CHECK BAG W HANDLE 34X20CM",17
"10124G","ARMY CAMO BOOKCOVER TAPE",17
"35265","COLOURFUL FLOWER FRUIT BOWL",17
"23465","TUSCAN VILLA BIRD FEEDER",17
"84984B","RED PEONY CUSHION COVER",17
"90146","FINE SILVER NECKLACE W PASTEL FLOWE",17
"90016A","SILVER/M.O.P PENDANT ORBIT NECKLACE",17
"22171","",17
"90180A","BLACK+WHITE NECKLACE W TASSEL",17
"21692","SILVER LATTICE VANILLA CANDLE POT",17
"90202B","WHITE ENAMEL FLOWER HAIR TIE",17
"20821","GOLDIE LOOKING MIRROR",17
"20698","LITTLE PINK MONSTER SOFT TOY",17
"84660c","PINK STITCHED WALL CLOCK",18
"23282","FOLDING MIRROR IVORY",18
"23464","VINTAGE ZINC WATERING CAN SMALL",18
"90040B","MURANO STYLE GLASS BRACELET BLACK",18
"84809B","PINK CHRYSANTHEMUMS ART FLOWER",18
"35819B","check",18
"90019B","GOLD M.O.P ORBIT BRACELET",18
"46000P","POLYESTER FILLER PAD 65CMx65CM",18
"37370","",18
"90168","2 DAISIES HAIR COMB",18
"21272","",18
"90010A","MIDNIGHT BLUE GLASS/SILVER BRACELET",18
"23044","PAPER LANTERN 9 POINT HOLLY STAR 23",18
"85014a","BLACK/BLUE POLKADOT UMBRELLA",18
"21349","IVY HEART WREATH",18
"90144","SILVER DROP EARRINGS WITH FLOWER",18
"23281","FOLDING MIRROR RED",18
"79149B","SILICON STAR BULB  BLUE",18
"84984A","GREEN PEONY CUSHION COVER",19
"21357","TOAST ITS - DINOSAUR",19
"90133","TEAL/FUSCHIA COL BEAD NECKLACE",19
"22929","SCHOOL DESK AND CHAIR",19
"23468","TUSCAN VILLA BIRD TABLE",19
"21655","",19
"62094B","TURQ ICE CREAM BUM BAG",19
"90195A","PURPLE GEMSTONE BRACELET",19
"85135A","YELLOW DRAGONFLY HELICOPTER",19
"35271S","GOLD PRINT PAPER BAG",19
"21332","MOROCCAN BEATEN METAL MIRROR",19
"84751B","BLACK MEDIUM GLASS CAKE STAND",19
"90169","DAISY HAIR COMB",19
"90165B","WHITE ROSEBUD  PEARL EARRINGS",19
"84997c","BLUE 3 PIECE POLKADOT CUTLERY SET",19
"20845","ZINC HEART LATTICE 2 WALL PLANTER",19
"22415","WHITE TISSUE REAM",19
"84659A","check",19
"21664","",20
"21803","",20
"85084","HOLLY TOP CHRISTMAS STOCKING",20
"85084","",20
"90199C","5 STRAND GLASS NECKLACE CRYSTAL",20
"22687","had been put aside",20
"22734","amazon sales",20
"84629","WHITE 3 FRAME BIRDS AND TREE",20
"90202C","GREEN ENAMEL FLOWER HAIR TIE",20
"21181","dotcom",20
"21011","GLITTER SNOW PEAR TREE DECORATION",20
"20901","VINTAGE KEEPSAKE BOX PINK FLOWER",20
"85175","",20
"23541","",20
"23603","SET 10 CARD KRAFT REINDEER 17084",20
"35910A","MULTICOLOUR EASTER RABBIT",20
"35911A","",20
"40046A","",20
"20667","CHERRY BLOSSOM PURSE",20
"90081C","LILY BROOCH OLIVE COLOUR",20
"90070","RUBY GLASS CLUSTER BRACELET",20
"79071B","ENGLISH ROSE METAL WASTE BIN",20
"16162L","THE KING GIFT BAG",20
"84711B","PINK OVAL SHAPE TRINKET BOX",20
"84709B","PINK OVAL JEWELLED MIRROR",20
"84507B","",20
"84522","PINK PARTY SUNGLASSES",20
"90190C","SILVER/AMETHYST DROP EARRINGS LEAF",20
"15058A","",20
"22121","",21
"90039D","FIRE POLISHED GLASS BRACELET GREEN",21
"20848","ZINC HEART LATTICE CHARGER SMALL",21
"90166","PINK & WHITE ROSEBUD RING",21
"90184C","BLACK CHUNKY BEAD BRACELET W STRAP",21
"90059F","DIAMANTE HAIR GRIP PACK/2 LT ROSE",21
"90183B","AMETHYST DROP EARRINGS W LONG BEADS",21
"84849D","",21
"20697","LITTLE GREEN MONSTER SOFT TOY",21
"84847","FLORAL BATHROOM SET",21
"90032","IVORY SHELL HEART NECKLACE",21
"47586A","PINK FAIRY CAKE CUSHION COVER",21
"16046","",21
"20665","dotcom",21
"35645","",21
"90000D","COPPER/OLIVE GREEN FLOWER NECKLACE",21
"23535","WALL ART BICYCLE SAFTEY",21
"90072","RUBY DROP CHANDELIER EARRINGS",21
"10080","check",22
"21040","MODERN VINTAGE COTTON SHOPPING BAG",22
"23075","DOUBLE CERAMIC PARLOUR HOOK",22
"23441","HAND PAINTED HANGING EASTER EGG",22
"23456","MEDIUM PARLOUR FRAME",22
"44092C","PURPLE/COPPER HANGING LAMPSHADE",22
"84247N","PACK/12 BLUE FOLKART CARDS",22
"84548","CROCHET BEAR RED/BLUE  KEYRING",22
"84663A","",22
"84732B","CUTE BIRD CEATURE SCREEN",22
"84801B","WHITE HYDRANGEA ART FLOWER",22
"84944","michel oops",22
"85045","",22
"90016B","GOLD/M.O.P PENDANT ORBIT NECKLACE",22
"90018B","GOLD M.O.P ORBIT DROP EARRINGS",22
"90122A","PINK CRYSTAL+GLASS BRACELET",22
"90186B","CRYSTAL HOOP EARRING FLORAL LEAF",22
"90202A","PURPLE ENAMEL FLOWER HAIR TIE",22
"90202D","PINK ENAMEL FLOWER HAIR TIE",22
"90214Z","LETTER ""Z"" BLING KEY RING",22
"85028S","",23
"90175D","TIGRIS EYE CHUNKY CHARM BRACELET",23
"84670","",23
"84906","PINK BUTTERFLY CUSHION COVER",23
"84798A","PINK FOXGLOVE ARTIIFCIAL FLOWER",23
"37489C","GREEN/BLUE FLOWER DESIGN BIG MUG",23
"37444C","PINK BREAKFAST CUP AND SAUCER",23
"90185B","AMETHYST DIAMANTE EXPANDABLE RING",23
"84033","FLAG OF ST GEORGE",23
"90003E","GREEN PAIR HEART HAIR SLIDES",23
"84559b","3D SHEET OF CAT STICKERS",23
"20933","YELLOW POT PLANT CANDLE",23
"35610B","BLACK CHRISTMAS FLOCK DROPLET",24
"21690","SILVER  CANDLEPOT JARDIN",24
"84666","SQUARE CHERRY BLOSSOM CABINET",24
"44089C","LILAC GAUZE BUTTERFLY LAMPSHADE",24
"23437","GIFT BAG LARGE 50'S CHRISTMAS",24
"17007B","S/3 POT POURI CUSHIONS BLUE COLOURS",24
"23250","ENAMEL BOWL PANTRY",24
"23235","BISCUIT TIN VINTAGE LEAF",24
"23196","LEAVES MAGNETIC  SHOPPING LIST",24
"23145","ZINC T-LIGHT HOLDER STARS LARGE",24
"23091","METAL HERB GERDEN CONTAINER",24
"85034A","check",24
"85028S","FRENCH CHATEAU SMALL FRUITBOWL",24
"90022","EDWARDIAN DROP EARRINGS JET BLACK",24
"72127","found box",24
"90161A","ANT COPPER RED BOUDICCA BRACELET",24
"22972","CHILDRENS SPACEBOY MUG",24
"35954","check",24
"90214T","LETTER ""T"" BLING KEY RING",24
"90122C","TURQUOISE CRYSTAL+GLASS BRACELET",24
"22963","JAM JAR WITH BLUE LID",24
"22953","BIRTHDAY BANNER TAPE",24
"21018","BIRD BOX CHRISTMAS TREE DECORATION",24
"22952","72 CAKE CASES VINTAGE CHRISTMAS",24
"22943","",24
"22823","CHEST NATURAL WOOD 20 DRAWERS",24
"84206A","3 BLACK CATS W HEARTS BLANK CARD",24
"84857B","BLUE MONTE CARLO HANDBAG",24
"84857B","",24
"84750A","PINK SMALL GLASS CAKE STAND",24
"22501","Found",24
"84388","WISE MAN STAR SHAPE EGG PAN",24
"23629","SET 10 CARDS DRESSING UP 17077",24
"22134","LADLE LOVE HEART RED",24
"90059D","DIAMANTE HAIR GRIP PACK/2 PERIDOT",25
"20663","QUEEN OF THE SKIES HOLIDAY PURSE",25
"20701","PINK CAT FLORAL CUSHION COVER",25
"23448","CREAM BUNNY EASTER EGG BASKET",25
"85096","HILDA CANDY SPOT RABBIT",25
"90083","CRYSTAL CZECH CROSS PHONE CHARM",25
"35610C","WHITE CHRISTMAS FLOCK DROPLET",25
"90010A","",25
"90059E","DIAMANTE HAIR GRIP PACK/2 RUBY",25
"84711A","SILVER OVAL SHAPE TRINKET BOX",25
"16161M","WRAP  PINK FLOCK",25
"22959","",25
"20878","SET/9 CHRISTMAS T-LIGHTS SCENTED",25
"23402","HOME SWEEET HOME 3 PEG HANGER",25
"90177D","DROP DIAMANTE EARRINGS PURPLE",25
"16169N","WRAP BLUE RUSSIAN FOLKART",25
"90010E","AMBER GLASS/SILVER BRACELET",25
"37333","RETRO ""TEA FOR ONE""",25
"85014b","RED RETROSPOT UMBRELLA",25
"21700","check",26
"90214V","LETTER ""V"" BLING KEY RING",26
"84910A","PINK PAISLEY CUSHION COVER",26
"84872a","TEATIME FUNKY FLOWER BACKPACK FOR 2",26
"21277","FRENCH STYLE EMBOSSED HEART CABINET",26
"90191","SILVER LARIAT 40CM",26
"90185C","BLACK DIAMANTE EXPANDABLE RING",26
"84539","KNITTED RABBIT DOLL",26
"90177C","DROP DIAMANTE EARRINGS CRYSTAL",26
"22656","VINTAGE BLUE KITCHEN CABINET",26
"22734","",26
"22837","Found",26
"79331","PINK FLOCK GLASS CANDLEHOLDER",26
"23041","PAPER LANTERN 6 POINT SNOW STAR",26
"23614","SET 10 CARDS 12 DAYS WRAP  17058",26
"35607A","PINK FLUFFY CHRISTMAS DECORATION",26
"35965","dotcom",26
"90073","VINTAGE ENAMEL & CRYSTAL EARRINGS",27
"21473","SWEETHEART CREAM STEEL TABLE RECT",27
"35966","FOLKART CHRISTMAS TREE T-LIGHT HOLD",27
"90099","NECKLACE+BRACELET SET BLUE HIBISCUS",27
"23457","LARGE PARLOUR FRAME",27
"84688","",27
"48189","DOORMAT FRIENDSHIP",27
"22765","NEWSPAPER STAND",27
"21336","GOLD WASHBAG",27
"90082B","DIAMANTE BOW BROOCH RED COLOUR",27
"17165D","ASS COL LARGE SAND FROG P'WEIGHT",27
"84016","FLAG OF ST GEORGE CAR FLAG",27
"90175A","WHITE GLASS CHUNKY CHARM BRACELET",27
"47341A","FUSCHIA TABLE RUN FLOWER",27
"85092","CANDY SPOT TEA COSY",27
"90164A","PINK ROSEBUD PEARL BRACELET",27
"90214F","LETTER ""F"" BLING KEY RING",27
"85054","found",27
"21644","check",27
"90162B","ANT SILVER LIME GREEN BOUDICCA RING",27
"84989A","75 GREEN FAIRY CAKE CASES",28
"35922","EASTER BUNNY WREATH",28
"21460","GREEN EASTER EGG HUNT START POST",28
"16162M","THE KING GIFT BAG 25x24x12cm",28
"90104","PURPLE FRANGIPANI HAIRCLIP",28
"81953P","ROUND ARTICULATED PINK CLOCK W/SUCK",28
"37488A","YELLOW PINK FLOWER DESIGN BIG BOWL",28
"72132","COLUMBIAN CUBE CANDLE",28
"22968","",28
"85197","",28
"90145","SILVER HOOP EARRINGS WITH FLOWER",28
"20960","WATERMELON BATH SPONGE",29
"17090D","VANILLA INCENSE 40 CONES IN TIN",29
"84865","NEW BAROQUE BLACK PHOTO ALBUM",29
"16207B","PINK HEART RED HANDBAG",29
"16202B","PASTEL BLUE PHOTO ALBUM",29
"21269","ANTIQUE CREAM CUTLERY SHELF",29
"90098","NECKLACE+BRACELET PINK BUTTERFLY",29
"90204","PAIR OF ENAMEL BUTTERFLY HAIRCLIP",29
"90205C","LARGE CRYSTAL DIAMANTE HAIRSLIDE",29
"37471","MULTICOLOUR POLKADOT PLATE",29
"84907","PINK YELLOW PATCH CUSHION COVER",29
"84559a","3D SHEET OF DOG STICKERS",29
"22459","",29
"21393","BLUE POLKADOT PUDDING BOWL",29
"90103","PURPLE FRANGIPANI NECKLACE",29
"17164B","ASS COL SMALL SAND GECKO P'WEIGHT",29
"22145","CHRISTMAS CRAFT HEART STOCKING",30
"gift_0001_10","",30
"35915C","",30
"21364","PEACE SMALL WOOD LETTERS",30
"16010","FOLDING CAMPING SCISSOR W/KNIF & S",30
"90118","PINK DAISY BAG CHARM",30
"90160B","RED BOUDICCA LARGE BRACELET",30
"72369A","PINK CLEAR GLASS CANDLE PLATE",30
"20666","ECONOMY HOLIDAY PURSE",30
"23068","ALUMINIUM HEART",30
"90082A","DIAMANTE BOW BROOCH GREEN COLOUR",30
"23143","ZINC WIRE KITCHEN ORGANISER",30
"90003D","CRYSTAL PAIR HEART HAIR SLIDES",30
"16162M","alan hodge cant mamage this section",30
"35637C","PINK STRING CURTAIN WITH POLE",30
"gift_0001_30","",30
"90125B","AQUA BERTIE GLASS BEAD BAG CHARM",30
"21657","MILK BOTTLE WITH GLASS STOPPER",30
"84712B","PINK JEWELLED PHOTO FRAME",30
"90185A","AMBER DIAMANTE EXPANDABLE RING",31
"20662","FIRST CLASS HOLIDAY PURSE",31
"72140E","BEST DAD CANDLE LETTERS",31
"20760","",31
"90205A","LARGE MINT DIAMANTE HAIRSLIDE",31
"22157","",31
"22145","",31
"37489B","BLUE/YELLOW FLOWER DESIGN BIG MUG",31
"23454","SET OF 3 MINI HANGING PORTRAITS",32
"85040a","S/4 PINK FLOWER CANDLES IN BOWL",32
"84993a","75 GREEN PETIT FOUR CASES",32
"84859B","BLUE DISCO HANDBAG",32
"84805A","CREAM CLIMBING HYDRANGA ART FLOWER",32
"84745B","BLUE HANGING GINGHAM EASTER HEN",32
"84745A","PINK HANGING GINGHAM EASTER HEN",32
"90089","PINK CRYSTAL SKULL PHONE CHARM",32
"23467","VINTAGE ZINC PLANTER",32
"90147","CHUNKY SILVER NECKLACE PASTEL FLOWE",32
"90173","PAIR BUTTERFLY HAIR CLIPS",32
"22353","",32
"22121","had been put aside",32
"20857","BLUE ROSE PATCH PURSE PINK BUTTERFL",32
"20664","TROPICAL HOLIDAY PURSE",32
"90003C","MIDNIGHT BLUE PAIR HEART HAIR SLIDE",32
"47369A","PINK GREEN EMBROIDERY COSMETIC BAG",33
"90143","SILVER BRACELET W PASTEL FLOWER",33
"90184B","AMETHYST CHUNKY BEAD BRACELET W STR",33
"84358","FLOOR LAMP SHADE WOOD BASE",33
"22810","",33
"35653","",33
"15056p","EDWARDIAN PARASOL PINK",33
"71050","SMALL SINGLE FLAME CANDLE HOLDER",33
"23459","DOLLY CABINET 2 DRAWERS",33
"47593A","CAROUSEL PONIES BABY BIB",33
"37489A","YELLOW/PINK FLOWER DESIGN BIG MUG",33
"20894","HANGING BAUBLE T-LIGHT HOLDER LARGE",33
"84510E","SET OF 4 GREEN CAROUSEL COASTERS",34
"21816","CHRISTMAS TREE T-LIGHT HOLDER",34
"84997d","PINK 3 PIECE POLKADOT CUTLERY SET",34
"90085","CRYSTAL STILETTO PHONE CHARM",34
"90210A","GREY ACRYLIC FACETED BANGLE",34
"72812","LARGE ZINC GLASS CANDLEHOLDER",34
"21392","RED POLKADOT PUDDING BOWL",34
"84707B","PINK JEWELLED MIRROR TRINKET TRAY",34
"84686","",34
"22719","",34
"84685","BEACH HUT KEY CABINET",34
"84352","SILVER CHRISTMAS TREE BAUBLE STAND",34
"21736","Adjustment",34
"23015","CORDIAL GLASS JUG",35
"84905","PINK BUTTERFLY CUSHION COVER",35
"21686","MEDINA STAMPED METAL STOOL",35
"85197","SET OF 12 MINI BUNNIES IN A BUCKET",35
"90129C","GREEN GLASS TASSLE BAG CHARM",35
"84247E","PACK/12 XMAS FUN CARD",35
"79191D","RETRO PLASTIC DAISY TRAY",35
"85161","ACRYLIC GEOMETRIC LAMP",35
"90185D","CRYSTAL DIAMANTE EXPANDABLE RING",35
"47369B","BLUE GREEN EMBROIDERY COSMETIC BAG",35
"22827","RUSTIC  SEVENTEEN DRAWER SIDEBOARD",35
"90197B","BLACK GLASS BRACELET W HEART CHARMS",35
"82615","PINK MARSHMALLOW SCARF KNITTING KIT",36
"21655","HANGING RIDGE GLASS T-LIGHT HOLDER",36
"22761","CHEST 7 DRAWER MA CAMPAGNE",36
"90013B","BLACK VINTAGE EARRINGS",36
"44228","CANNABIS LEAF BEAD CURTAIN",36
"23430","BLUE RETRO KITCHEN WALL CLOCK",36
"22591","",36
"23410","CURIO CABINET LINEN AND LACE",36
"21910","WAY OUT METAL SIGN",36
"20798","CLEAR MILKSHAKE GLASS",36
"23325","RUSTIC STRAWBERRY JAMPOT SMALL",36
"23256","KIDS CUTLERY SPACEBOY",36
"84858C","",36
"85135C","found",36
"23035","DOORKNOB CERAMIC IVORY",36
"90198B","VINTAGE ROSE BEAD BRACELET BLACK",36
"23197","VEGETABLE MAGNETIC  SHOPPING LIST",36
"23126","DOLLCRAFT GIRL AMELIE",36
"23196","RETO LEAVES MAGNETIC SHOPPING LIST",36
"23254","KIDS CUTLERY DOLLY GIRL",36
"79336","LIGHT PINK FLOCK GLASS CANDLEHOLDER",36
"85114b","IVORY ENCHANTED FOREST PLACEMAT",36
"21486","PINK HEART DOTS HOT WATER BOTTLE",36
"21376","LARGE  TALL CAMPHOR WOOD TOADSTOOL",37
"22035","taig adjust",37
"90214B","LETTER ""B"" BLING KEY RING",37
"35913B","WHITE/PINK CHICK EASTER DECORATION",37
"22062","",37
"37476","CONDIMENT TRAY 4 BOWLS AND 4 SPOONS",37
"84944","found",37
"90160A","PURPLE BOUDICCA LARGE BRACELET",38
"90214I","LETTER ""I"" BLING KEY RING",38
"90019A","SILVER M.O.P ORBIT BRACELET",38
"20898","VINTAGE NOTEBOOK TRAVELOGUE",38
"84884a","ANT WHITE WIRE HEART SPIRAL",38
"35638A","PINK AND BLACK STRING CURTAIN",38
"84882","GREEN WIRE STANDING CANDLE HOLDER",38
"21897","",38
"90160D","PINK BOUDICCA LARGE BRACELET",38
"84805B","BLUE CLIMBING HYDRANGA ART FLOWER",38
"85145","JARDIN ETCHED GLASS LARGE BELL JAR",38
"35965","",38
"78033","FLAG OF ST GEORGE CHAIR",38
"79164","",38
"22950","SET OF 36 VINTAGE CHRISTMAS DOILIES",38
"21690","",38
"90174","BUTTERFLY HAIR BAND",38
"84549","CROCHET WHITE RABBIT KEYRING",38
"20781","GOLD EAR MUFF HEADPHONES",38
"90164B","WHITE  ROSEBUD PEARL BRACELET",38
"90101","WHITE FRANGIPANI NECKLACE",39
"90130B","TURQ STONE/CRYSTAL EARRINGS",39
"72801c","4 ROSE PINK DINNER CANDLES",39
"72817","",39
"90013C","GREEN VINTAGE EARRINGS",39
"84507B","STRIPES DESIGN MONKEY DOLL",39
"22135","LADLE LOVE HEART PINK",39
"21360","JOY LARGE WOOD LETTERS",39
"90214P","LETTER ""P"" BLING KEY RING",39
"90120B","BLUE MURANO TWIST BRACELET",39
"90183A","AMBER DROP EARRINGS W LONG BEADS",40
"20748","Found",40
"37489D","PINK/GREEN FLOWER DESIGN BIG MUG",40
"85039a","SET/4 RED MINI ROSE CANDLE IN BOWL",40
"23611","SET 10 CARDS RED RIDING HOOD 17214",40
"84877A","PINK ROUND COMPACT MIRROR",40
"84510c","SET OF 4 POLKADOT COASTERS",40
"90129F","RED GLASS TASSLE BAG CHARM",40
"84974","S/2 ZINC HEART DESIGN PLANTERS",40
"22689","had been put aside",40
"16254","TRANSPARENT ACRYLIC TAPE DISPENSER",40
"21476","STEEL SWEETHEART ROUND TABLE CREAM",41
"84631","FRUIT TREE AND BIRDS WALL PLAQUE",41
"90214N","LETTER ""N"" BLING KEY RING",41
"51020A","adjustment",41
"90210B","CLEAR ACRYLIC FACETED BANGLE",41
"84874B","BLUE TRAVEL FIRST AID KIT",41
"84688","BEACH HUT DESIGN BLACKBOARD",41
"84597B","RETRO BROWN BALL ASHTRAY",41
"84723","CHERRY BLOSSOM CANVAS ART PICTURE",41
"84725","FREESTYLE CANVAS ART PICTURE",41
"84461","12 PINK HEN+CHICKS IN BASKET",41
"23404","check",41
"90214R","LETTER ""R"" BLING KEY RING",41
"85045","GREEN CHRISTMAS TREE STRING 20LIGHT",42
"84989a","75 GREEN FAIRY CAKE CASES",42
"90129E","PURPLE GLASS TASSLE BAG CHARM",42
"23455","SMALL PARLOUR FRAME",42
"90192","JADE DROP EARRINGS W FILIGREE",42
"84985A","SET OF 72 GREEN PAPER DOILIES",42
"23442","12 HANGING EGGS HAND PAINTED",42
"84509c","SET OF 4 POLKADOT PLACEMATS",43
"16049","",43
"21394","",43
"82011B","BATHROOM SCALES RUBBER DUCKS",43
"21375","LARGE CAMPHOR WOOD FIELD MUSHROOM",43
"84760S","SMALL HANGING GLASS+ZINC LANTERN",43
"21281","VINTAGE KITCHEN PRINT SEAFOOD",43
"21278","VINTAGE KITCHEN PRINT PUDDINGS",43
"84872A","TEATIME FUNKY FLOWER BACKPACK FOR 2",43
"21145","",43
"46138B","BLUE CHENILLE SHAGGY CUSHION COVER",43
"20694","FLORAL PINK MONSTER",43
"20622","VIP PASSPORT COVER",43
"23466","TUSCAN VILLA DOVECOTE BIRD FEEDER",43
"23626","SET 10 CARDS DINKY TREE 17076",43
"20661","BLUE POLKADOT PURSE",44
"72709","IVORY SCULPTED RND CANDLE",44
"21132","SILVER STANDING GNOME",44
"85185B","PINK HORSE SOCK PUPPET KIT",44
"47344B","BLUE FLOWER DES PURSE",44
"84870B","BLUE GEISHA GIRL",44
"23038","T-LIGHT HOLDER SILVER SAUCER",44
"22407","MONEY BOX FIRST AID DESIGN",44
"90071","RUBY GLASS CLUSTER EARRINGS",44
"82001s","VINYL RECORD FRAME SILVER",44
"16168M","found",44
"90062","CARNIVAL BRACELET",44
"47341B","BLUE TABLE RUN FLOWER",45
"90059A","DIAMANTE HAIR GRIP PACK/2 CRYSTAL",45
"90158","ST TROPEZ NECKLACE",45
"90129A","PINK GLASS TASSLE BAG CHARM",45
"72133","COLUMBIAN CANDLE RECTANGLE",45
"85055","FRENCH ENAMEL UTENSIL HOLDER",45
"90096","NECKLACE+BRACELET SET BLUE BLOSSOM",45
"22949","SET OF 36 DOLLY GIRL PAPER DOILIES",45
"85146","JARDIN ETCHED GLASS SMALL BELL JAR",45
"85099f","JUMBO BAG STRAWBERRY",46
"22149","",46
"84597C","RETRO PINK BALL ASHTRAY",46
"84801A","PINK HYDRANGEA ART FLOWER",46
"90206C","CRYSTAL DIAMANTE STAR BROOCH",46
"84466","TOP SECRET PEN SET",46
"84870C","GREEN GEISHA GIRL",46
"84898F","YELLOW FLOWERS FELT HANDBAG KIT",46
"35597D","PINK/WHITE CHRISTMAS TREE 30CM",46
"90018A","SILVER M.O.P ORBIT DROP EARRINGS",46
"23429","RED RETRO KITCHEN WALL CLOCK",47
"72801G","",47
"21357","",47
"84247E","",47
"DCGSSBOY","BOYS PARTY BAG",47
"DCGSSGIRL","GIRLS PARTY BAG",47
"84247K","",47
"22812","check",48
"23148","MINITURE ANTIQUE ROSE HOOK IVORY",48
"23131","had been put aside",48
"21738","COSY SLIPPER SHOES SMALL  RED",48
"21413","PERIWINKLE T-LIGHT HOLDER",48
"21192","wrongly marked",48
"20780","BLACK EAR MUFF HEADPHONES",48
"84927D","LA PALMIERA TILE HOOK",48
"23366","SET 12 COLOUR PENCILS DOILEY",48
"90214H","LETTER ""H"" BLING KEY RING",48
"85096","",48
"84686","BEACH HUT MIRROR",49
"16151A","FLOWERS HANDBAG blue and orange",49
"85114a","BLACK ENCHANTED FOREST PLACEMAT",49
"20795","LARGE BLUE PROVENCAL CERAMIC BALL",49
